page,code,part,chapter
3,AGMZNYFPISGIHWLN,prologue,prologue
13,DLAFVTAZESRMFHLU,1,1
15,DKTHIESDYHPGPOCX,1,1
18,AUHKAUSAZUDXNSUA,1,1
21,LXEDBVDJCPKMSEML,1,1
26,LTMXAEJFVFCWHVWG,1,1
29,OYAVQYAWYZPOOEVH,1,1
34,FNTVZOZXCXOALRAZ,1,1
37,TJIVFYTQXLOPYYUM,1,1
40,HBCFDTBIYMQDXREE,1,1
42,ESIDWIOWLEIMXEGE,1,1
44,CAALIXWTONPURMRF,1,1
52,OBNDTSCJPWJLKOOB,2,2
55,LFSEXPCIWNHVKTAH,2,2
60,UMMTXCZRPOIABECM,2,2
64,MWAIRDSOVUBHTNYF,2,2
70,NVYTXDCGSRLVPEYG,2,2
76,SBBRNGHTLXMTESIU,2,2
83,TQEQIFRWGMXEGSGM,2,2
88,ONJKPUZCHVUSCFTM,2,2
92,GIUUNOXQNVTKNRLY,2,2
99,EJSAUCUIXMSJBORA,2,3
102,TQTUIVPMZXAODMPB,2,3
108,HOIIZXWDBVGCNOBL,2,3
111,EJFGCTHHMSKXMRXT,2,3
117,RNITBSJCIDAEWDVL,2,3
122,TVECZTKUIXJSSIUF,2,3
125,OBDHISRQKKUGWNAG,2,3
129,RKIZYILZFCNAEATQ,2,3
132,EYNGMFHEIBHXORQS,2,3
139,VYRFGXTMVCWHRYSQ,2,4
143,EVEDROKEPMHTJHKP,2,4
146,ADJYNEXKAJTUHUSR,2,4
152,LHOTRBTZQXPHJMKS,2,4
156,ATIAOMHFYNCHGAEH,2,4
160,TFCIESRRPVDLINWD,2,4
164,RMIXCVZUCECYKABE,2,4
167,UVNUQXIEKTWSVCTN,2,4
174,TYGYDTLSOEJJLTYK,3,5
179,HUTGFSDNPEKEOIYB,3,5
183,BMHAZORBDBAWWVRR,3,5
187,UOACCTWVEKBDVIIS,3,5
192,TOTXGIQEAFXSOTYL,3,5
195,RLTRXJTGECBMAIWF,3,5
202,EEHXDEFDYXQLBEAB,3,5
206,MFEXFYLEQWVDKSRR,3,5
210,EVRBEULOVZQQISJK,3,5
216,MYENZVMYZZRYNHDW,3,5
220,BNIBXEJSZAMPNOYP,3,5
228,EXSFHYURFWHKNUBE,3,6
235,RJOHIOICNUZDILZB,3,6
236,TSNGWIXILWONODQC,3,6
241,HXENBVLWHVONIKYZ,3,6
246,EUSMVJDCUXSXVEIB,3,6
252,MWCLWTKIJMMAWEXW,3,6
254,EOILISHEQUSJHPVG,3,6
259,DDEEVCVGMSAUMIBC,3,6
265,IHNIDOUOYUJFITCT,3,6
268,UACNCAUTSLDYYGAM,3,6
276,MCEHGECHEXCBEEOK,3,7
277,IZABLMHGEJBPANOT,3,7
282,SXTHVCOUXYBGYTOX,3,7
285,TVAIRVUSQFIHSLKX,3,7
290,HKNZGKQWQGBLOEIC,3,7
298,ESYEOXTVERNFLARH,3,7
300,MSRBREPNURIXFNVC,3,7
301,ELAIVKFFALMUTDGK,3,7
305,SYTRWSEFLPFOLCZV,3,7
309,STEODXSNJFSSULMO,3,7
317,AGAJMQHNHNZQMEVY,3,conclusion
319,GCNJBEVTABADHAJE,3,conclusion
322,EJDCSGNGOBTQPNYI,3,conclusion
